Code;Name;Country;Latitude;Longitude
DXB;Dubai International;United Arab Emirates;25.25;55.35779953
LHR;Heathrow;United Kingdom;51.47140122;-0.452800006
HKG;Hong Kong Intl;Hong Kong (SAR);22.30360031;113.9205017
ICN;Incheon International Airport;South Korea;37.46020126;126.4406967
SIN;Changi;Singapore;1.357800007;103.990799
CDG;Charles De Gaulle;France;49.00970078;2.548599958
AMS;Schiphol;Netherlands;52.30830002;4.768099785
FRA;Frankfurt International Airport;Germany;50.03889847;8.570599556
BKK;Suvarnabhumi - New Bangkok International Airport;Thailand;13.70269966;100.7455978
IST;Istanbul Airport;Turkey;40.97669983;28.81529999
KUL;Kuala Lumpur International Airport;Malaysia;2.745599985;101.7098999
TPE;Taiwan Taoyuan International Airport;Taiwan;25.08259964;121.2285004
DOH;Hamad International Airport;Qatar;25.27440071;51.60829926
MAD;Adolfo Suarez-Barajas;Spain;40.47359848;-3.561100006
MUC;Franz Josef Strauss International;Germany;48.34999847;11.7833004
LGW;Gatwick;United Kingdom;51.14810181;-0.196700007
JFK;John F Kennedy Intl;United States;40.6385994;-73.77690125
PVG;Pudong International;China;31.14389992;121.7913971
BCN;Barcelona;Spain;41.2969017;2.078299999
NRT;Narita;Japan;35.76390076;140.391098
FCO;Fiumicino;Italy;41.8003006;12.23890019
YYZ;Toronto Lester B. Pearson Intl;Canada;43.67969894;-79.625
ZRH;Zurich;Switzerland;47.45830154;8.551699638
VIE;Vienna International;Austria;48.11109924;16.55830002
DUB;Dublin International;Ireland;53.43249893;-6.252200127
PEK;Capital International;China;40.06669998;116.5999985
CPH;Kastrup;Denmark;55.60810089;12.63329983
LAX;Los Angeles Intl;United States;33.94219971;-118.4072037
SVO;Sheremetyevo;Russian Federation;55.98329926;37.41669846
BRU;Brussels Airport;Belgium;50.90140152;4.484399796
LIS;Lisboa;Portugal;38.7818985;-9.133299828
MIA;Miami International;United States;25.79249954;-80.2861023
KIX;Kansai International;Japan;34.42499924;135.2471924
MAN;Manchester Airport;United Kingdom;53.35329819;-2.27670002
MNL;Ninoy Aquino Intl;Philippines;14.50860024;121.0193024
JED;King Abdulaziz Intl;Saudi Arabia;21.67130089;39.15969849
STN;Stansted;United Kingdom;51.88280106;0.233899996
MXP;Malpensa;Italy;45.63280106;8.732199669
TLV;Ben Gurion Intl;Israel;32.0121994;34.8824997
ARN;Arlanda;Sweden;59.66189957;17.93390083
DUS;Duesseldorf International;Germany;51.28110123;6.752799988
AUH;Abu Dhabi Intl;United Arab Emirates;24.43309975;54.64889908
ORY;Orly;France;48.72890091;2.357199907
CAN;Baiyun International;China;23.39249992;113.2996979
MEX;Benito Juarez Intl;Mexico;19.43530083;-99.07279968
PMI;Palma de Mallorca;Spain;39.55360031;2.727799892
HEL;Helsinki-Vantaa;Finland;60.32559967;24.97170067
HND;Tokyo Intl (Haneda);Japan;35.55360031;139.7657929
CAI;Cairo International Airport;Egypt;30.13750076;31.40690041
ATL;Hartsfield-Jackson Int;United States;33.64080048;-84.42720032
EWR;Newark Liberty Intl;United States;40.69580078;-74.17169952
GVA;Geneva International Airport;Switzerland;46.23809815;6.10890007
CUN;Cancun International;Mexico;21.0333004;-86.86669922
DEL;Indira Gandhi Intl;India;28.57360077;77.10079956
SYD;Kingsford Smith;Australia;-33.94419861;151.1757965
DMK;Don Mueang International Airport;Thailand;13.91110039;100.6082993
KWI;Kuwait Intl;Kuwait;29.2303009;47.97529984
OSL;Oslo Airport;Norway;60.20000076;11.08329964
CGK;Soekarno-Hatta Intl;Indonesia;-6.125800133;106.6577988
ATH;Eleftherios Venizelos Airport;Greece;37.93640137;23.94440079
PRG;Ruzyne;Czech Republic;50.09999847;14.26669979
MCT;Muscat International Airport;Oman;23.5916996;58.27920151
WAW;Okecie;Poland;52.16669846;20.9666996
PTY;Tocumen Intl, Panama R;Panama;9.069999695;-79.38359833
SFO;San Francisco Intl;United States;37.61940002;-122.3728027
ORD;O'Hare International;United States;41.97809982;-87.90609741
TXL;Tegel;Germany;52.56060028;13.29559994
SGN;Tan Son Nhat International Airport;Vietnam;10.81719971;106.6577988
LTN;Luton International;United Kingdom;51.87440109;-0.366400003
BUD;Liszt Ferenc International;Hungary;47.43330002;19.23329926
AGP;Malaga Airport;Spain;36.67169952;-4.498099804
IAH;George Bush Intercontinental;United States;29.98329926;-95.33999634
AYT;Antalya;Turkey;36.9056015;30.79059982
YVR;Vancouver Intl;Canada;49.18719864;-123.1853027
GRU;Guarulhos Intl;Brazil;-23.43499947;-46.47280121
SAW;Sabiha Gokcen;Turkey;40.8993988;29.30920029
DPS;Ngurah Rai;Indonesia;-8.748600006;115.1650009
ADD;Bole International;Ethiopia;8.977800369;38.79809952
YUL;Pierre E. Trudeau Intl;Canada;45.46390152;-73.75
RUH;King Khalid Intl;Saudi Arabia;24.95919991;46.69609833
DFW;Dallas/Ft Worth Intl;United States;32.89640045;-97.04109955
BOM;Mumbai (Chhatrapati Shivaji) International;India;19.08810043;72.85169983
OTP;Henri Coanda Airport;Romania;44.56669998;26.10000038
HAM;Hamburg;Germany;53.63389969;9.994999886
ALC;Alicante Airport;Spain;38.28250122;-0.558300018
HAN;Noi Bai International;Vietnam;21.03580093;105.8899994
EZE;Ministro Pistarini;Argentina;-34.8199997;-58.53390122
JNB;O.R. Tambo International Airport;South Africa;-26.14030075;28.24279976
LIM;Jorge Chavez Intl;Peru;-12.02670002;-77.12280273
MEL;Melbourne Airport;Australia;-37.6617012;144.8332977
SCL;Arturo Merino Benitez Airport;Chile;-33.38669968;-70.78500366
AKL;Auckland Intl;New Zealand;-37.01110077;174.7991943
BHX;Birmingham Airport;United Kingdom;52.4530983;-1.746399999
BOG;El Dorado Intl;Colombia;4.706099987;-74.14219666
SHJ;Sharjah;United Arab Emirates;25.3458004;55.39580154
BAH;Bahrain Intl;Bahrain;26.27079964;50.63750076
DME;Domodedovo;Russian Federation;55.40000153;37.88330078
CMN;Mohammed V;Morocco;33.36669922;-7.586699963
KBP;Boryspil International;Ukraine;50.33739853;30.89419937
CMB;Bandaranaike Intl;Sri Lanka;7.175000191;79.88469696
FLL;Ft Lauderdale Intl;United States;26.07419968;-80.15170288
OPO;Porto;Portugal;41.23809815;-8.674699783
HKT;Phuket Intl;Thailand;8.110600472;98.3125
SXF;Schoenefeld;Germany;52.5;13.50829983
VCE;Marco Polo;Italy;45.5;12.35000038
NCE;Cote D'Azur;France;43.66389847;7.21750021
PUS;Gimhae Intl;South Korea;35.17079926;129.1306
IAD;Dulles International;United States;38.94169998;-77.45749664
STR;Stuttgart Airport;Germany;48.68830109;9.210000038
AMM;Queen Alia Intl;Jordan;31.71699905;36
BOS;Logan International;United States;42.36360169;-71.00610352
BGY;Bergamo/Orio Al Serio;Italy;45.66830063;9.700300217
BEY;Rafic Hariri International;Lebanon;33.81280136;35.49029923
EDI;Turnhouse;United Kingdom;55.94860077;-3.350300074
CGN;Cologne/Bonn Airport;Germany;50.86579895;7.141900063
TFS;Tenerife-Sur;Spain;28.0428009;-16.57060051
DAC;Hazrat Shahjalal International;Bangladesh;23.78059959;90.38610077
BSL;EuroAirport Swiss;Switzerland;47.59030151;7.53030014
MFM;Macau International;Macau (SAR);22.23329926;113.5832977
LYS;Satolas;France;45.7256012;5.081699848
NGO;Chubu Centrair Intl;Japan;34.85900116;136.8144989
MCO;Orlando Intl;United States;28.43169975;-81.3246994
RIX;Riga-Arpt Internaitonal;Latvia;57.01670075;24.04999924
FAO;Faro;Portugal;37.01440048;-7.970799923
NBO;Jomo Kenyatta Intl;Kenya;-1.316699982;36.93080139
CRL;Brussels S. Charleroi;Belgium;50.45920181;4.45389986
IKA;Imam Khomeini International;Iran;35.40969849;51.1507988
VKO;Vnukovo;Russian Federation;55.58330154;37.26670075
KRK;John Paul Ii Balice In;Poland;50.08330154;19.7833004
BLQ;Guglielmo Marconi;Italy;44.5306015;11.29249954
MLA;Luqa International;Malta;35.83670044;14.5472002
KEF;Keflavik Intl;Iceland;63.98529816;-22.60420036
BRS;Bristol Airport;United Kingdom;51.38169861;-2.708899975
CTU;Shuangliu International;China;30.57999992;103.949997
PUJ;Punta Cana International;Dominican Republic;18.56669998;-68.38330078
NAP;Capodichino;Italy;40.88610077;14.29170036
LCA;Larnaca;Cyprus;34.87779999;33.63059998
SEA;Seattle-Tacoma Intl;United States;47.44919968;-122.3080978
BNE;Brisbane Intl;Australia;-27.38500023;153.1163025
FUK;Fukuoka;Japan;33.5821991;130.4532929
TUN;Carthage;Tunisia;36.85250092;10.22939968
PNH;Phnom Penh International;Cambodia;11.54609966;104.8478012
DAD;Da Nang International;Vietnam;16.04220009;108.203598
SJO;Juan Santamaria Intl;Costa Rica;9.993900299;-84.20890045
LED;Pulkovo;Russian Federation;59.79999924;30.29999924
SZX;Bao'an International;China;22.54999924;113.9167023
SOF;Sofia-Vrazhdebna;Bulgaria;42.70000076;23.39999962
MRS;Marignane;France;43.43560028;5.216400147
ALG;Houari Boumediene;Algeria;36.69329834;3.217200041
HAV;Jose Marti Intl;Cuba;22.98940086;-82.40750122
DTW;Metropolitan Wayne County;United States;42.21670151;-83.3443985
BEG;Nikola Tesla Airport;Serbia;44.81919861;20.31220055
YYC;Calgary Intl;Canada;51.1128006;-114.0196991
VLC;Valencia Airport;Spain;39.48860169;-0.481900007
CIA;Ciampino;Italy;41.79940033;12.59329987
EIN;Eindhoven;Netherlands;51.45330048;5.388899803
PHL;Philadelphia Intl;United States;39.86809921;-75.24859619
MAA;Chennai International Airport;India;12.99330044;80.17690277
RAK;Menara;Morocco;31.60829926;-8.038299561
KHH;Kaohsiung Intl;Taiwan;22.57250023;120.3452988
HNL;Honolulu Intl;United States;21.32189941;-157.925293
MSP;Minneapolis International;United States;44.88610077;-93.21779633
MBJ;Sangster Intl;Jamaica;18.50189972;-77.91249847
AUA;Reina Beatrix;Aruba;12.50220013;-70.01390076
HGH;Xiaoshan International;China;30.23600006;120.4389038
GOT;Goteborg-Landvetter Airport;Sweden;57.66669846;12.2833004
KMG;Changshui International;China;25.10390091;102.9428024
LPA;Gran Canaria;Spain;27.93190002;-15.38329983
SAL;El Salvador Intl;El Salvador;13.43999958;-89.05999756
HAJ;Hannover;Germany;52.46110153;9.68500042
DMM;King Fahad International Airport;Saudi Arabia;26.4666996;49.78329849
RGN;Yangon International;Myanmar;16.90640068;96.13890076
LUX;Findel;Luxembourg;49.62779999;6.206699848
LCY;City Airport;United Kingdom;51.51670075;-0.066699997
CLT;Charlotte-Douglas International Airport;United States;35.21920013;-80.93579865
